Skill Count vs. Pay,
Number of Skills,AVERAGE of Max Stipend
5,16259.52073
4,14905.97498
7,14850.67528
3,14325.30271
6,14164.34818
8,13995.43008
1,13263.19789
2,12992.97933
0,225.3521127
Grand Total,14051.48285
,
,
Perk Count vs. Pay,
Number of Perks,AVERAGE of Max Stipend
4,18482.69385
5,15464.95062
3,14130.41281
2,13090.99883
1,12904.53291
0,8603.286525
Grand Total,14051.48285